StartDate,EndDate,Status,IPAddress,Progress,Duration (in seconds),Finished,RecordedDate,ResponseId,RecipientLastName,RecipientFirstName,RecipientEmail,ExternalReference,LocationLatitude,LocationLongitude,DistributionChannel,UserLanguage,Q5,Q6_1,Q6_2,Q6_3,Q6_4,Q6_5,Q6_6,Q6_7,Q6_8,Q6_9,Q6_10,Q6_11,Q6_12,Q6_13,Q6_15,Q6_16,Q6_17,Q6_18,Q16
Data di inizio,Data di fine,Tipo risposta,Indirizzo IP,Avanzamento,Durata (in secondi),Terminato,Data registrata,ID di risposta,Cognome del destinatario,Nome del destinatario,E-mail del destinatario,Riferimento a dati esterni,Latitudine posizione,Longitudine posizione,Canale di distribuzione,Lingua dell'utente,Conferma di aver letto e compreso le informazioni e di acconsentire a partecipare?,Risponda alle seguenti affermazioni pensando alla vita di tutti i giorni (nello studio o a lavoro): - Riesco a mantenere la concentrazione sulla lettura di un libro per periodi prolungati.,Risponda alle seguenti affermazioni pensando alla vita di tutti i giorni (nello studio o a lavoro): - Continuo a svolgere un compito con precisione anche dopo parecchi minuti.,Risponda alle seguenti affermazioni pensando alla vita di tutti i giorni (nello studio o a lavoro): - Riesco a mantenere la concentrazione durante una conversazione anche quando dura a lungo.,"Risponda alle seguenti affermazioni pensando alla vita di tutti i giorni (nello studio o a lavoro): - Anche nelle parti lente o poco stimolanti dei film, resto concentrato.",Risponda alle seguenti affermazioni pensando alla vita di tutti i giorni (nello studio o a lavoro): - Riesco a mantenere l’attenzione nello svolgere i compiti assegnati (lavorativi/accademici) anche se l’argomento non è di mio interesse.,Risponda alle seguenti affermazioni pensando alla vita di tutti i giorni (nello studio o a lavoro): - Riesco a mantenere l’attenzione anche quando mi sento stanca/o,Risponda alle seguenti affermazioni pensando alla vita di tutti i giorni (nello studio o a lavoro): - Riesco a mantenere il focus anche svolgendo attività noiose e poco variate,Risponda alle seguenti affermazioni pensando alla vita di tutti i giorni (nello studio o a lavoro): - La mia concentrazione rimane buona anche in presenza di rumori forti nella stanza.,"Risponda alle seguenti affermazioni pensando alla vita di tutti i giorni (nello studio o a lavoro): - Quando guido riesco a prestare attenzione alla strada a lungo, anche quando il traffico è scarso.",Risponda alle seguenti affermazioni pensando alla vita di tutti i giorni (nello studio o a lavoro): - Mi accorgo rapidamente quando sto perdendo la concentrazione.,"Risponda alle seguenti affermazioni pensando alla vita di tutti i giorni (nello studio o a lavoro): - Dopo pochi minuti, la mia attenzione di solito tende a calare.",Risponda alle seguenti affermazioni pensando alla vita di tutti i giorni (nello studio o a lavoro): - Mi distraggo facilmente quando un compito richiede concentrazione prolungata.,Risponda alle seguenti affermazioni pensando alla vita di tutti i giorni (nello studio o a lavoro): - Fatico a rimanere concentrata/o su attività monotone.,Risponda alle seguenti affermazioni pensando alla vita di tutti i giorni (nello studio o a lavoro): - Mi accorgo rapidamente quando sto perdendo la concentrazione.,Risponda alle seguenti affermazioni pensando alla vita di tutti i giorni (nello studio o a lavoro): - Quando leggo a lungo devo spesso rileggere parti dello stesso testo.,Risponda alle seguenti affermazioni pensando alla vita di tutti i giorni (nello studio o a lavoro): - Dopo una pausa involontaria riesco a riportare rapidamente l’attenzione sul compito che stavo svolgendo.,Risponda alle seguenti affermazioni pensando alla vita di tutti i giorni (nello studio o a lavoro): - Quando vengo interrotto/a faccio fatica a riorientare subito il focus sul lavoro.,Ha mai ricevuto una diagnosi di disturbo da deficit attentivo (ADHD) o disturbo depressivo?
"{""ImportId"":""startDate"",""timeZone"":""America/Denver""}","{""ImportId"":""endDate"",""timeZone"":""America/Denver""}","{""ImportId"":""status""}","{""ImportId"":""ipAddress""}","{""ImportId"":""progress""}","{""ImportId"":""duration""}","{""ImportId"":""finished""}","{""ImportId"":""recordedDate"",""timeZone"":""America/Denver""}","{""ImportId"":""_recordId""}","{""ImportId"":""recipientLastName""}","{""ImportId"":""recipientFirstName""}","{""ImportId"":""recipientEmail""}","{""ImportId"":""externalDataReference""}","{""ImportId"":""locationLatitude""}","{""ImportId"":""locationLongitude""}","{""ImportId"":""distributionChannel""}","{""ImportId"":""userLanguage""}","{""ImportId"":""QID5""}","{""ImportId"":""QID6_1""}","{""ImportId"":""QID6_2""}","{""ImportId"":""QID6_3""}","{""ImportId"":""QID6_4""}","{""ImportId"":""QID6_5""}","{""ImportId"":""QID6_6""}","{""ImportId"":""QID6_7""}","{""ImportId"":""QID6_8""}","{""ImportId"":""QID6_9""}","{""ImportId"":""QID6_10""}","{""ImportId"":""QID6_11""}","{""ImportId"":""QID6_12""}","{""ImportId"":""QID6_13""}","{""ImportId"":""QID6_14""}","{""ImportId"":""QID6_15""}","{""ImportId"":""QID6_16""}","{""ImportId"":""QID6_17""}","{""ImportId"":""QID16""}"
2025-12-26 10:04:45,2025-12-26 10:05:33,Survey Preview,,100,48,True,2025-12-26 10:05:34,R_21YncABf8jPMyF2,,,,,43.1479,12.1097,preview,IT,"Sì , acconsento a partecipare",( 3 ) Abbastanza vero,( 3 ) Abbastanza vero,( 3 ) Abbastanza vero,( 3 ) Abbastanza vero,( 3 ) Abbastanza vero,( 3 ) Abbastanza vero,( 3 ) Abbastanza vero,( 3 ) Abbastanza vero,( 3 ) Abbastanza vero,( 3 ) Abbastanza vero,( 3 ) Abbastanza vero,( 3 ) Abbastanza vero,( 3 ) Abbastanza vero,( 3 ) Abbastanza vero,( 3 ) Abbastanza vero,( 3 ) Abbastanza vero,( 3 ) Abbastanza vero,si
2025-12-26 10:06:45,2025-12-26 10:09:39,IP Address,94.161.23.145,100,174,True,2025-12-26 10:09:40,R_21zw69e7YmOusuM,,,,,43.0967,11.7897,anonymous,IT,"Sì , acconsento a partecipare",( 2 ) Poco vero,( 3 ) Abbastanza vero,( 3 ) Abbastanza vero,( 4 ) Molto vero,( 2 ) Poco vero,( 2 ) Poco vero,( 4 ) Molto vero,( 4 ) Molto vero,( 3 ) Abbastanza vero,( 2 ) Poco vero,( 2 ) Poco vero,( 2 ) Poco vero,( 2 ) Poco vero,( 2 ) Poco vero,( 5 ) Completamente vero,( 3 ) Abbastanza vero,( 2 ) Poco vero,no
2025-12-26 10:12:23,2025-12-26 10:14:59,IP Address,151.62.13.39,100,155,True,2025-12-26 10:14:59,R_2CjvJ2mAdRtDD9t,,,,,45.4317,10.9859,qr,IT,"Sì , acconsento a partecipare",( 4 ) Molto vero,( 3 ) Abbastanza vero,( 2 ) Poco vero,( 3 ) Abbastanza vero,( 2 ) Poco vero,( 2 ) Poco vero,( 2 ) Poco vero,( 1 ) Per niente vero,( 4 ) Molto vero,( 3 ) Abbastanza vero,( 1 ) Per niente vero,( 1 ) Per niente vero,( 3 ) Abbastanza vero,( 3 ) Abbastanza vero,( 3 ) Abbastanza vero,( 3 ) Abbastanza vero,( 4 ) Molto vero,no
2025-12-26 10:12:32,2025-12-26 10:15:03,IP Address,151.34.82.78,100,150,True,2025-12-26 10:15:03,R_2ANdZze3eB1YgMx,,,,,43.1479,12.1097,qr,IT,"Sì , acconsento a partecipare",( 3 ) Abbastanza vero,( 3 ) Abbastanza vero,( 3 ) Abbastanza vero,( 2 ) Poco vero,( 2 ) Poco vero,( 3 ) Abbastanza vero,( 2 ) Poco vero,( 3 ) Abbastanza vero,( 4 ) Molto vero,( 4 ) Molto vero,( 2 ) Poco vero,( 2 ) Poco vero,( 3 ) Abbastanza vero,( 3 ) Abbastanza vero,( 2 ) Poco vero,( 3 ) Abbastanza vero,( 2 ) Poco vero,no
2025-12-26 10:11:32,2025-12-26 10:15:10,IP Address,94.161.23.145,100,218,True,2025-12-26 10:15:11,R_8dXXSTPvEGqizjr,,,,,43.0967,11.7897,anonymous,IT,"Sì , acconsento a partecipare",( 3 ) Abbastanza vero,( 3 ) Abbastanza vero,( 3 ) Abbastanza vero,( 2 ) Poco vero,( 3 ) Abbastanza vero,( 2 ) Poco vero,( 3 ) Abbastanza vero,( 2 ) Poco vero,( 4 ) Molto vero,( 3 ) Abbastanza vero,( 1 ) Per niente vero,( 1 ) Per niente vero,( 1 ) Per niente vero,( 3 ) Abbastanza vero,( 2 ) Poco vero,( 3 ) Abbastanza vero,( 1 ) Per niente vero,no
2025-12-26 10:12:48,2025-12-26 10:15:18,IP Address,37.163.50.83,100,150,True,2025-12-26 10:15:18,R_84e0K8YC5BGtEAs,,,,,43.1479,12.1097,qr,IT,"Sì , acconsento a partecipare",( 3 ) Abbastanza vero,( 4 ) Molto vero,( 4 ) Molto vero,( 2 ) Poco vero,( 4 ) Molto vero,( 4 ) Molto vero,( 4 ) Molto vero,( 3 ) Abbastanza vero,( 5 ) Completamente vero,( 4 ) Molto vero,( 2 ) Poco vero,( 2 ) Poco vero,( 3 ) Abbastanza vero,( 4 ) Molto vero,( 2 ) Poco vero,( 3 ) Abbastanza vero,( 2 ) Poco vero,no
2025-12-26 10:13:46,2025-12-26 10:15:43,IP Address,46.234.202.215,100,116,True,2025-12-26 10:15:43,R_247wpx2nemgdq0F,,,,,45.2929,11.8243,qr,IT,"Sì , acconsento a partecipare",( 2 ) Poco vero,( 2 ) Poco vero,( 3 ) Abbastanza vero,( 3 ) Abbastanza vero,( 2 ) Poco vero,( 2 ) Poco vero,( 2 ) Poco vero,( 1 ) Per niente vero,( 4 ) Molto vero,( 3 ) Abbastanza vero,( 2 ) Poco vero,( 2 ) Poco vero,( 2 ) Poco vero,( 3 ) Abbastanza vero,( 1 ) Per niente vero,( 3 ) Abbastanza vero,( 2 ) Poco vero,no
2025-12-26 10:13:50,2025-12-26 10:15:48,IP Address,94.165.149.166,100,117,True,2025-12-26 10:15:48,R_81WmhM7pTISS6t3,,,,,45.224,11.3517,qr,IT,"Sì , acconsento a partecipare",( 4 ) Molto vero,( 3 ) Abbastanza vero,( 5 ) Completamente vero,( 3 ) Abbastanza vero,( 4 ) Molto vero,( 1 ) Per niente vero,( 2 ) Poco vero,( 2 ) Poco vero,( 4 ) Molto vero,( 4 ) Molto vero,( 4 ) Molto vero,( 4 ) Molto vero,( 4 ) Molto vero,( 4 ) Molto vero,( 5 ) Completamente vero,( 3 ) Abbastanza vero,( 4 ) Molto vero,no
2025-12-26 10:11:15,2025-12-26 10:16:05,IP Address,94.161.23.145,100,289,True,2025-12-26 10:16:05,R_8HkrvtnizfIbYZ0,,,,,43.0967,11.7897,anonymous,IT,"Sì , acconsento a partecipare",( 2 ) Poco vero,( 4 ) Molto vero,( 2 ) Poco vero,( 3 ) Abbastanza vero,( 3 ) Abbastanza vero,( 2 ) Poco vero,( 2 ) Poco vero,( 1 ) Per niente vero,( 3 ) Abbastanza vero,( 3 ) Abbastanza vero,( 3 ) Abbastanza vero,( 3 ) Abbastanza vero,( 4 ) Molto vero,( 3 ) Abbastanza vero,( 3 ) Abbastanza vero,( 3 ) Abbastanza vero,( 2 ) Poco vero,no
2025-12-26 10:08:43,2025-12-26 10:16:11,IP Address,151.34.32.36,100,447,True,2025-12-26 10:16:11,R_20NlTpAdcPl5dL7,,,,,43.1479,12.1097,qr,IT,"Sì , acconsento a partecipare",( 2 ) Poco vero,( 3 ) Abbastanza vero,( 5 ) Completamente vero,( 4 ) Molto vero,( 2 ) Poco vero,( 3 ) Abbastanza vero,( 3 ) Abbastanza vero,( 2 ) Poco vero,( 3 ) Abbastanza vero,( 5 ) Completamente vero,( 3 ) Abbastanza vero,( 2 ) Poco vero,( 3 ) Abbastanza vero,( 4 ) Molto vero,( 3 ) Abbastanza vero,( 4 ) Molto vero,( 2 ) Poco vero,no
2025-12-26 10:13:35,2025-12-26 10:16:57,IP Address,104.28.223.232,100,202,True,2025-12-26 10:16:58,R_2rv8qRVASJPeCsD,,,,,44.4071,8.95,qr,IT,"Sì , acconsento a partecipare",( 4 ) Molto vero,( 2 ) Poco vero,( 5 ) Completamente vero,( 4 ) Molto vero,( 2 ) Poco vero,( 2 ) Poco vero,( 3 ) Abbastanza vero,( 4 ) Molto vero,( 4 ) Molto vero,( 4 ) Molto vero,( 2 ) Poco vero,( 2 ) Poco vero,( 1 ) Per niente vero,( 4 ) Molto vero,( 3 ) Abbastanza vero,( 1 ) Per niente vero,( 3 ) Abbastanza vero,no
2025-12-26 10:17:10,2025-12-26 10:18:47,IP Address,151.42.206.181,100,96,True,2025-12-26 10:18:47,R_8LjXVZgaig9CPkd,,,,,44.4847,11.328,qr,IT,"Sì , acconsento a partecipare",( 4 ) Molto vero,( 3 ) Abbastanza vero,( 2 ) Poco vero,( 4 ) Molto vero,( 3 ) Abbastanza vero,( 3 ) Abbastanza vero,( 3 ) Abbastanza vero,( 4 ) Molto vero,( 5 ) Completamente vero,( 5 ) Completamente vero,( 2 ) Poco vero,( 2 ) Poco vero,( 2 ) Poco vero,( 4 ) Molto vero,( 2 ) Poco vero,( 3 ) Abbastanza vero,( 2 ) Poco vero,no
2025-12-26 10:16:18,2025-12-26 10:18:47,IP Address,82.61.95.110,100,149,True,2025-12-26 10:18:48,R_8vuZoEHyfgpd4LT,,,,,44.4847,11.328,qr,IT,"Sì , acconsento a partecipare",( 3 ) Abbastanza vero,( 4 ) Molto vero,( 3 ) Abbastanza vero,( 4 ) Molto vero,( 3 ) Abbastanza vero,( 4 ) Molto vero,( 3 ) Abbastanza vero,( 3 ) Abbastanza vero,( 4 ) Molto vero,( 4 ) Molto vero,( 1 ) Per niente vero,( 1 ) Per niente vero,( 1 ) Per niente vero,( 4 ) Molto vero,( 2 ) Poco vero,( 4 ) Molto vero,( 2 ) Poco vero,no
2025-12-26 10:14:34,2025-12-26 10:19:43,IP Address,81.56.207.192,100,309,True,2025-12-26 10:19:44,R_2FLuNhW6cn3zywh,,,,,45.4722,9.1922,qr,IT,"Sì , acconsento a partecipare",( 4 ) Molto vero,( 3 ) Abbastanza vero,( 2 ) Poco vero,( 2 ) Poco vero,( 2 ) Poco vero,( 2 ) Poco vero,( 2 ) Poco vero,( 2 ) Poco vero,( 3 ) Abbastanza vero,( 3 ) Abbastanza vero,( 3 ) Abbastanza vero,( 3 ) Abbastanza vero,( 4 ) Molto vero,( 3 ) Abbastanza vero,( 3 ) Abbastanza vero,( 3 ) Abbastanza vero,( 3 ) Abbastanza vero,no
2025-12-26 10:17:38,2025-12-26 10:20:20,IP Address,5.90.202.44,100,162,True,2025-12-26 10:20:20,R_8rNhHbUr0FyAyRL,,,,,45.4722,9.1922,qr,IT,"Sì , acconsento a partecipare",( 5 ) Completamente vero,( 5 ) Completamente vero,( 4 ) Molto vero,( 4 ) Molto vero,( 2 ) Poco vero,( 2 ) Poco vero,( 3 ) Abbastanza vero,( 4 ) Molto vero,( 4 ) Molto vero,( 4 ) Molto vero,( 2 ) Poco vero,( 2 ) Poco vero,( 2 ) Poco vero,( 4 ) Molto vero,( 1 ) Per niente vero,( 2 ) Poco vero,( 4 ) Molto vero,no
2025-12-26 10:18:20,2025-12-26 10:20:24,IP Address,5.90.135.34,100,123,True,2025-12-26 10:20:24,R_8QrzvLburaaLFy9,,,,,44.3978,11.8089,qr,IT,"Sì , acconsento a partecipare",( 2 ) Poco vero,( 3 ) Abbastanza vero,( 2 ) Poco vero,( 3 ) Abbastanza vero,( 3 ) Abbastanza vero,( 2 ) Poco vero,( 3 ) Abbastanza vero,( 4 ) Molto vero,( 4 ) Molto vero,( 4 ) Molto vero,( 3 ) Abbastanza vero,( 2 ) Poco vero,( 2 ) Poco vero,( 4 ) Molto vero,( 4 ) Molto vero,( 3 ) Abbastanza vero,( 2 ) Poco vero,no
2025-12-26 10:18:33,2025-12-26 10:21:47,IP Address,172.225.145.122,100,194,True,2025-12-26 10:21:48,R_2j18K0wV3ujrIRP,,,,,41.8905,12.5127,qr,IT,"Sì , acconsento a partecipare",( 5 ) Completamente vero,( 5 ) Completamente vero,( 4 ) Molto vero,( 3 ) Abbastanza vero,( 4 ) Molto vero,( 3 ) Abbastanza vero,( 3 ) Abbastanza vero,( 4 ) Molto vero,( 4 ) Molto vero,( 4 ) Molto vero,( 2 ) Poco vero,( 2 ) Poco vero,( 3 ) Abbastanza vero,( 4 ) Molto vero,( 3 ) Abbastanza vero,( 3 ) Abbastanza vero,( 2 ) Poco vero,no
2025-12-26 10:19:47,2025-12-26 10:22:38,IP Address,83.225.100.68,100,170,True,2025-12-26 10:22:39,R_8Fzx9m8b8GB7HsW,,,,,45.4458,8.6161,qr,IT,"Sì , acconsento a partecipare",( 4 ) Molto vero,( 3 ) Abbastanza vero,( 4 ) Molto vero,( 3 ) Abbastanza vero,( 3 ) Abbastanza vero,( 3 ) Abbastanza vero,( 3 ) Abbastanza vero,( 4 ) Molto vero,( 4 ) Molto vero,( 5 ) Completamente vero,( 2 ) Poco vero,( 2 ) Poco vero,( 4 ) Molto vero,( 5 ) Completamente vero,( 2 ) Poco vero,( 3 ) Abbastanza vero,( 3 ) Abbastanza vero,no
2025-12-26 10:21:05,2025-12-26 10:23:52,IP Address,37.159.7.33,100,167,True,2025-12-26 10:23:53,R_2kzldu8MHvp1AFV,,,,,45.4722,9.1922,qr,IT,"Sì , acconsento a partecipare",( 3 ) Abbastanza vero,( 3 ) Abbastanza vero,( 2 ) Poco vero,( 2 ) Poco vero,( 3 ) Abbastanza vero,( 1 ) Per niente vero,( 1 ) Per niente vero,( 2 ) Poco vero,( 2 ) Poco vero,( 3 ) Abbastanza vero,( 4 ) Molto vero,( 4 ) Molto vero,( 3 ) Abbastanza vero,( 3 ) Abbastanza vero,( 3 ) Abbastanza vero,( 2 ) Poco vero,( 2 ) Poco vero,no
2025-12-26 10:23:32,2025-12-26 10:25:13,IP Address,79.32.231.159,100,100,True,2025-12-26 10:25:13,R_8nrGVZ0fagUbyoh,,,,,41.8905,12.5127,qr,IT,"Sì , acconsento a partecipare",( 3 ) Abbastanza vero,( 2 ) Poco vero,( 4 ) Molto vero,( 3 ) Abbastanza vero,( 2 ) Poco vero,( 2 ) Poco vero,( 3 ) Abbastanza vero,( 2 ) Poco vero,( 3 ) Abbastanza vero,( 3 ) Abbastanza vero,( 3 ) Abbastanza vero,( 3 ) Abbastanza vero,( 3 ) Abbastanza vero,( 3 ) Abbastanza vero,( 2 ) Poco vero,( 2 ) Poco vero,( 3 ) Abbastanza vero,no
2025-12-26 10:23:39,2025-12-26 10:25:20,IP Address,151.37.202.87,100,100,True,2025-12-26 10:25:20,R_8gTrMR6DGvkn0TB,,,,,39.2302,9.121,qr,IT,"Sì , acconsento a partecipare",( 2 ) Poco vero,( 3 ) Abbastanza vero,( 3 ) Abbastanza vero,( 2 ) Poco vero,( 2 ) Poco vero,( 2 ) Poco vero,( 2 ) Poco vero,( 2 ) Poco vero,( 3 ) Abbastanza vero,( 3 ) Abbastanza vero,( 2 ) Poco vero,( 2 ) Poco vero,( 2 ) Poco vero,( 3 ) Abbastanza vero,( 3 ) Abbastanza vero,( 3 ) Abbastanza vero,( 3 ) Abbastanza vero,no
2025-12-26 10:22:07,2025-12-26 10:25:27,IP Address,37.162.173.184,100,200,True,2025-12-26 10:25:27,R_2es2M5MJNvtz3BO,,,,,43.1479,12.1097,qr,IT,"Sì , acconsento a partecipare",( 3 ) Abbastanza vero,( 2 ) Poco vero,( 2 ) Poco vero,( 2 ) Poco vero,( 2 ) Poco vero,( 2 ) Poco vero,( 2 ) Poco vero,( 2 ) Poco vero,( 3 ) Abbastanza vero,( 3 ) Abbastanza vero,( 3 ) Abbastanza vero,( 3 ) Abbastanza vero,( 3 ) Abbastanza vero,( 3 ) Abbastanza vero,( 3 ) Abbastanza vero,( 2 ) Poco vero,( 3 ) Abbastanza vero,no
2025-12-26 10:24:19,2025-12-26 10:26:26,IP Address,151.18.247.37,100,126,True,2025-12-26 10:26:26,R_8fw3JhnfJFKHXSg,,,,,43.1479,12.1097,qr,IT,"Sì , acconsento a partecipare",( 3 ) Abbastanza vero,( 3 ) Abbastanza vero,( 3 ) Abbastanza vero,( 2 ) Poco vero,( 4 ) Molto vero,( 2 ) Poco vero,( 2 ) Poco vero,( 2 ) Poco vero,( 4 ) Molto vero,( 5 ) Completamente vero,( 1 ) Per niente vero,( 1 ) Per niente vero,( 2 ) Poco vero,( 3 ) Abbastanza vero,( 2 ) Poco vero,( 3 ) Abbastanza vero,( 1 ) Per niente vero,no
2025-12-26 10:27:02,2025-12-26 10:29:24,IP Address,151.34.60.239,100,141,True,2025-12-26 10:29:24,R_8NjJmi6ZjOLLQWZ,,,,,43.1479,12.1097,qr,IT,"Sì , acconsento a partecipare",( 3 ) Abbastanza vero,( 3 ) Abbastanza vero,( 3 ) Abbastanza vero,( 2 ) Poco vero,( 3 ) Abbastanza vero,( 2 ) Poco vero,( 2 ) Poco vero,( 2 ) Poco vero,( 3 ) Abbastanza vero,( 4 ) Molto vero,( 2 ) Poco vero,( 2 ) Poco vero,( 3 ) Abbastanza vero,( 3 ) Abbastanza vero,( 2 ) Poco vero,( 3 ) Abbastanza vero,( 2 ) Poco vero,si
2025-12-26 10:28:33,2025-12-26 10:33:21,IP Address,84.242.33.110,100,287,True,2025-12-26 10:33:21,R_9lG3XeSi1zlBsFs,,,,,23.578,58.4021,qr,IT,"Sì , acconsento a partecipare",( 3 ) Abbastanza vero,( 2 ) Poco vero,( 3 ) Abbastanza vero,( 2 ) Poco vero,( 2 ) Poco vero,( 2 ) Poco vero,( 2 ) Poco vero,( 2 ) Poco vero,( 3 ) Abbastanza vero,( 4 ) Molto vero,( 3 ) Abbastanza vero,( 3 ) Abbastanza vero,( 4 ) Molto vero,( 4 ) Molto vero,( 4 ) Molto vero,( 3 ) Abbastanza vero,( 3 ) Abbastanza vero,no
2025-12-26 10:36:02,2025-12-26 10:37:36,IP Address,93.34.233.12,100,93,True,2025-12-26 10:37:37,R_8wAnnZ15SWyLVCr,,,,,45.4317,10.9859,qr,IT,"Sì , acconsento a partecipare",( 3 ) Abbastanza vero,( 4 ) Molto vero,( 3 ) Abbastanza vero,( 3 ) Abbastanza vero,( 2 ) Poco vero,( 2 ) Poco vero,( 3 ) Abbastanza vero,( 2 ) Poco vero,( 2 ) Poco vero,( 4 ) Molto vero,( 1 ) Per niente vero,( 1 ) Per niente vero,( 3 ) Abbastanza vero,( 4 ) Molto vero,( 3 ) Abbastanza vero,( 4 ) Molto vero,( 2 ) Poco vero,no
2025-12-26 10:36:07,2025-12-26 10:38:02,IP Address,37.159.3.51,100,115,True,2025-12-26 10:38:03,R_8ESApuBMjjWe5Hh,,,,,45.4722,9.1922,qr,IT,"Sì , acconsento a partecipare",( 3 ) Abbastanza vero,( 5 ) Completamente vero,( 4 ) Molto vero,( 3 ) Abbastanza vero,( 3 ) Abbastanza vero,( 3 ) Abbastanza vero,( 2 ) Poco vero,( 3 ) Abbastanza vero,( 3 ) Abbastanza vero,( 4 ) Molto vero,( 2 ) Poco vero,( 2 ) Poco vero,( 3 ) Abbastanza vero,( 3 ) Abbastanza vero,( 1 ) Per niente vero,( 3 ) Abbastanza vero,( 4 ) Molto vero,no
2025-12-26 10:36:49,2025-12-26 10:38:13,IP Address,176.0.75.203,100,83,True,2025-12-26 10:38:13,R_21dufAhSqj2nLU9,,,,,52.5321,13.4012,qr,IT,"Sì , acconsento a partecipare",( 3 ) Abbastanza vero,( 3 ) Abbastanza vero,( 4 ) Molto vero,( 3 ) Abbastanza vero,( 2 ) Poco vero,( 2 ) Poco vero,( 2 ) Poco vero,( 2 ) Poco vero,( 3 ) Abbastanza vero,( 3 ) Abbastanza vero,( 2 ) Poco vero,( 2 ) Poco vero,( 2 ) Poco vero,( 2 ) Poco vero,( 3 ) Abbastanza vero,( 3 ) Abbastanza vero,( 3 ) Abbastanza vero,no
2025-12-26 10:36:34,2025-12-26 10:38:23,IP Address,37.160.181.192,100,108,True,2025-12-26 10:38:23,R_8Ma0VgZIa4eTEKG,,,,,43.1479,12.1097,qr,IT,"Sì , acconsento a partecipare",( 4 ) Molto vero,( 4 ) Molto vero,( 3 ) Abbastanza vero,( 3 ) Abbastanza vero,( 3 ) Abbastanza vero,( 3 ) Abbastanza vero,( 2 ) Poco vero,( 2 ) Poco vero,( 3 ) Abbastanza vero,( 3 ) Abbastanza vero,( 2 ) Poco vero,( 2 ) Poco vero,( 3 ) Abbastanza vero,( 3 ) Abbastanza vero,( 2 ) Poco vero,( 3 ) Abbastanza vero,( 2 ) Poco vero,no
2025-12-26 10:39:08,2025-12-26 10:41:18,IP Address,176.200.198.28,100,130,True,2025-12-26 10:41:18,R_8zd1VBRqxicZJC4,,,,,45.5431,11.5415,qr,IT,"Sì , acconsento a partecipare",( 2 ) Poco vero,( 4 ) Molto vero,( 2 ) Poco vero,( 2 ) Poco vero,( 3 ) Abbastanza vero,( 4 ) Molto vero,( 2 ) Poco vero,( 3 ) Abbastanza vero,( 1 ) Per niente vero,( 4 ) Molto vero,( 3 ) Abbastanza vero,( 4 ) Molto vero,( 4 ) Molto vero,( 4 ) Molto vero,( 2 ) Poco vero,( 4 ) Molto vero,( 2 ) Poco vero,no
2025-12-26 10:42:08,2025-12-26 10:44:31,IP Address,78.211.95.250,100,142,True,2025-12-26 10:44:31,R_2KvkYRtH9r28Ljd,,,,,43.1479,12.1097,qr,IT,"Sì , acconsento a partecipare",( 5 ) Completamente vero,( 4 ) Molto vero,( 3 ) Abbastanza vero,( 2 ) Poco vero,( 2 ) Poco vero,( 2 ) Poco vero,( 3 ) Abbastanza vero,( 3 ) Abbastanza vero,( 4 ) Molto vero,( 4 ) Molto vero,( 2 ) Poco vero,( 2 ) Poco vero,( 3 ) Abbastanza vero,( 3 ) Abbastanza vero,( 1 ) Per niente vero,( 4 ) Molto vero,( 1 ) Per niente vero,no
2025-12-26 10:41:58,2025-12-26 10:48:59,IP Address,151.82.229.124,100,420,True,2025-12-26 10:48:59,R_2FFLqkj1bMV1h2j,,,,,43.1479,12.1097,qr,IT,"Sì , acconsento a partecipare",( 3 ) Abbastanza vero,( 4 ) Molto vero,( 3 ) Abbastanza vero,( 3 ) Abbastanza vero,( 2 ) Poco vero,( 2 ) Poco vero,( 2 ) Poco vero,( 2 ) Poco vero,( 3 ) Abbastanza vero,( 3 ) Abbastanza vero,( 2 ) Poco vero,( 3 ) Abbastanza vero,( 4 ) Molto vero,( 3 ) Abbastanza vero,( 2 ) Poco vero,( 3 ) Abbastanza vero,( 3 ) Abbastanza vero,no
2025-12-26 10:49:53,2025-12-26 10:52:55,IP Address,94.161.8.233,100,181,True,2025-12-26 10:52:55,R_8Gs7zuF0tBCqleT,,,,,44.4754,11.6406,qr,IT,"Sì , acconsento a partecipare",( 3 ) Abbastanza vero,( 2 ) Poco vero,( 3 ) Abbastanza vero,( 1 ) Per niente vero,( 1 ) Per niente vero,( 1 ) Per niente vero,( 2 ) Poco vero,( 1 ) Per niente vero,( 1 ) Per niente vero,( 4 ) Molto vero,( 3 ) Abbastanza vero,( 4 ) Molto vero,( 5 ) Completamente vero,( 3 ) Abbastanza vero,( 5 ) Completamente vero,( 2 ) Poco vero,( 5 ) Completamente vero,no
2025-12-26 10:52:48,2025-12-26 10:55:04,IP Address,5.90.214.102,100,135,True,2025-12-26 10:55:04,R_8gTmY0yCbpznttW,,,,,41.1122,16.8547,qr,IT,"Sì , acconsento a partecipare",( 2 ) Poco vero,( 2 ) Poco vero,( 3 ) Abbastanza vero,( 2 ) Poco vero,( 2 ) Poco vero,( 2 ) Poco vero,( 3 ) Abbastanza vero,( 3 ) Abbastanza vero,( 3 ) Abbastanza vero,( 3 ) Abbastanza vero,( 2 ) Poco vero,( 3 ) Abbastanza vero,( 3 ) Abbastanza vero,( 3 ) Abbastanza vero,( 2 ) Poco vero,( 3 ) Abbastanza vero,( 2 ) Poco vero,no
2025-12-26 10:54:18,2025-12-26 10:58:55,IP Address,78.212.51.15,100,276,True,2025-12-26 10:58:55,R_8Za7J6JuEkppoEV,,,,,43.1479,12.1097,qr,IT,"Sì , acconsento a partecipare",( 2 ) Poco vero,( 3 ) Abbastanza vero,( 4 ) Molto vero,( 4 ) Molto vero,( 2 ) Poco vero,( 2 ) Poco vero,( 1 ) Per niente vero,( 3 ) Abbastanza vero,( 5 ) Completamente vero,( 3 ) Abbastanza vero,( 3 ) Abbastanza vero,( 2 ) Poco vero,( 4 ) Molto vero,( 3 ) Abbastanza vero,( 4 ) Molto vero,( 4 ) Molto vero,( 2 ) Poco vero,no
2025-12-26 10:30:54,2025-12-26 11:02:00,IP Address,80.244.121.58,100,1866,True,2025-12-26 11:02:00,R_8qgHtuLvFPrXlx7,,,,,45.5195,9.5891,qr,IT,"Sì , acconsento a partecipare",( 2 ) Poco vero,( 5 ) Completamente vero,( 3 ) Abbastanza vero,( 2 ) Poco vero,( 4 ) Molto vero,( 4 ) Molto vero,( 4 ) Molto vero,( 5 ) Completamente vero,( 5 ) Completamente vero,( 5 ) Completamente vero,( 2 ) Poco vero,( 2 ) Poco vero,( 3 ) Abbastanza vero,( 4 ) Molto vero,( 3 ) Abbastanza vero,( 4 ) Molto vero,( 2 ) Poco vero,no
2025-12-26 10:58:11,2025-12-26 11:02:21,IP Address,62.240.135.16,100,249,True,2025-12-26 11:02:21,R_2OnY03yY3UVTGX7,,,,,43.1479,12.1097,qr,IT,"Sì , acconsento a partecipare",( 3 ) Abbastanza vero,( 3 ) Abbastanza vero,( 3 ) Abbastanza vero,( 3 ) Abbastanza vero,( 3 ) Abbastanza vero,( 2 ) Poco vero,( 2 ) Poco vero,( 2 ) Poco vero,( 3 ) Abbastanza vero,( 3 ) Abbastanza vero,( 3 ) Abbastanza vero,( 3 ) Abbastanza vero,( 3 ) Abbastanza vero,( 4 ) Molto vero,( 3 ) Abbastanza vero,( 2 ) Poco vero,( 3 ) Abbastanza vero,no
2025-12-26 11:03:09,2025-12-26 11:04:58,IP Address,80.180.176.83,100,109,True,2025-12-26 11:04:59,R_8kfvPQ0FbPr1O13,,,,,45.4317,10.9859,qr,IT,"Sì , acconsento a partecipare",( 2 ) Poco vero,( 4 ) Molto vero,( 4 ) Molto vero,( 4 ) Molto vero,( 3 ) Abbastanza vero,( 4 ) Molto vero,( 4 ) Molto vero,( 3 ) Abbastanza vero,( 5 ) Completamente vero,( 4 ) Molto vero,( 1 ) Per niente vero,( 2 ) Poco vero,( 2 ) Poco vero,( 4 ) Molto vero,( 2 ) Poco vero,( 4 ) Molto vero,( 2 ) Poco vero,no
2025-12-26 11:03:41,2025-12-26 11:05:23,IP Address,78.211.74.44,100,102,True,2025-12-26 11:05:24,R_8djpzm1RuGi1CWv,,,,,43.1479,12.1097,qr,IT,"Sì , acconsento a partecipare",( 5 ) Completamente vero,( 4 ) Molto vero,( 5 ) Completamente vero,( 3 ) Abbastanza vero,( 4 ) Molto vero,( 4 ) Molto vero,( 4 ) Molto vero,( 4 ) Molto vero,( 5 ) Completamente vero,( 5 ) Completamente vero,( 5 ) Completamente vero,( 5 ) Completamente vero,( 5 ) Completamente vero,( 3 ) Abbastanza vero,( 2 ) Poco vero,( 3 ) Abbastanza vero,( 1 ) Per niente vero,no
2025-12-26 11:01:45,2025-12-26 11:05:35,IP Address,78.211.71.76,100,230,True,2025-12-26 11:05:35,R_8cT9lpcQuYXRnno,,,,,43.1479,12.1097,qr,IT,"Sì , acconsento a partecipare",( 2 ) Poco vero,( 3 ) Abbastanza vero,( 3 ) Abbastanza vero,( 5 ) Completamente vero,( 3 ) Abbastanza vero,( 2 ) Poco vero,( 3 ) Abbastanza vero,( 3 ) Abbastanza vero,( 4 ) Molto vero,( 4 ) Molto vero,( 2 ) Poco vero,( 3 ) Abbastanza vero,( 3 ) Abbastanza vero,( 4 ) Molto vero,( 4 ) Molto vero,( 2 ) Poco vero,( 3 ) Abbastanza vero,no
2025-12-26 11:03:20,2025-12-26 11:06:09,IP Address,5.90.71.212,100,168,True,2025-12-26 11:06:09,R_8aQuqaiSsqzOUF1,,,,,45.4722,9.1922,qr,IT,"Sì , acconsento a partecipare",( 4 ) Molto vero,( 3 ) Abbastanza vero,( 2 ) Poco vero,( 3 ) Abbastanza vero,( 2 ) Poco vero,( 1 ) Per niente vero,( 2 ) Poco vero,( 1 ) Per niente vero,( 5 ) Completamente vero,( 5 ) Completamente vero,( 1 ) Per niente vero,( 3 ) Abbastanza vero,( 4 ) Molto vero,( 4 ) Molto vero,( 2 ) Poco vero,( 3 ) Abbastanza vero,( 2 ) Poco vero,no
2025-12-26 11:07:33,2025-12-26 11:10:18,IP Address,81.56.130.184,100,164,True,2025-12-26 11:10:18,R_2CVMU4RzDJOLfrO,,,,,45.6061,11.9855,qr,IT,"Sì , acconsento a partecipare",( 2 ) Poco vero,( 3 ) Abbastanza vero,( 3 ) Abbastanza vero,( 3 ) Abbastanza vero,( 3 ) Abbastanza vero,( 2 ) Poco vero,( 2 ) Poco vero,( 4 ) Molto vero,( 3 ) Abbastanza vero,( 3 ) Abbastanza vero,( 3 ) Abbastanza vero,( 3 ) Abbastanza vero,( 2 ) Poco vero,( 2 ) Poco vero,( 4 ) Molto vero,( 3 ) Abbastanza vero,( 3 ) Abbastanza vero,no
2025-12-26 11:09:19,2025-12-26 11:11:43,IP Address,151.68.10.128,100,143,True,2025-12-26 11:11:43,R_2hBtmMBOT4l16Nj,,,,,45.4317,10.9859,qr,IT,"Sì , acconsento a partecipare",( 2 ) Poco vero,( 2 ) Poco vero,( 3 ) Abbastanza vero,( 3 ) Abbastanza vero,( 2 ) Poco vero,( 2 ) Poco vero,( 2 ) Poco vero,( 3 ) Abbastanza vero,( 5 ) Completamente vero,( 4 ) Molto vero,( 3 ) Abbastanza vero,( 2 ) Poco vero,( 2 ) Poco vero,( 4 ) Molto vero,( 2 ) Poco vero,( 2 ) Poco vero,( 2 ) Poco vero,no
2025-12-26 11:12:41,2025-12-26 11:15:00,IP Address,78.212.69.157,100,138,True,2025-12-26 11:15:00,R_2kBUXUMWlaGhlkJ,,,,,43.1479,12.1097,qr,IT,"Sì , acconsento a partecipare",( 4 ) Molto vero,( 4 ) Molto vero,( 4 ) Molto vero,( 4 ) Molto vero,( 4 ) Molto vero,( 4 ) Molto vero,( 4 ) Molto vero,( 4 ) Molto vero,( 2 ) Poco vero,( 3 ) Abbastanza vero,( 2 ) Poco vero,( 2 ) Poco vero,( 2 ) Poco vero,( 3 ) Abbastanza vero,( 2 ) Poco vero,( 4 ) Molto vero,( 2 ) Poco vero,no
2025-12-26 11:12:48,2025-12-26 11:15:24,IP Address,46.141.106.230,100,156,True,2025-12-26 11:15:24,R_2o4lrPaeQEUigCJ,,,,,45.4095,11.172,qr,IT,"Sì , acconsento a partecipare",( 3 ) Abbastanza vero,( 3 ) Abbastanza vero,( 2 ) Poco vero,( 4 ) Molto vero,( 3 ) Abbastanza vero,( 3 ) Abbastanza vero,( 2 ) Poco vero,( 3 ) Abbastanza vero,( 3 ) Abbastanza vero,( 3 ) Abbastanza vero,( 4 ) Molto vero,( 3 ) Abbastanza vero,( 3 ) Abbastanza vero,( 4 ) Molto vero,( 4 ) Molto vero,( 3 ) Abbastanza vero,( 2 ) Poco vero,no
2025-12-26 11:14:44,2025-12-26 11:17:21,IP Address,151.82.54.66,100,156,True,2025-12-26 11:17:21,R_8K1ltmGV8vIqDSx,,,,,43.1479,12.1097,qr,IT,"Sì , acconsento a partecipare",( 3 ) Abbastanza vero,( 2 ) Poco vero,( 2 ) Poco vero,( 3 ) Abbastanza vero,( 2 ) Poco vero,( 3 ) Abbastanza vero,( 2 ) Poco vero,( 2 ) Poco vero,( 3 ) Abbastanza vero,( 3 ) Abbastanza vero,( 2 ) Poco vero,( 3 ) Abbastanza vero,( 3 ) Abbastanza vero,( 2 ) Poco vero,( 3 ) Abbastanza vero,( 2 ) Poco vero,( 3 ) Abbastanza vero,no
2025-12-26 11:16:57,2025-12-26 11:18:52,IP Address,37.116.116.129,100,115,True,2025-12-26 11:18:53,R_8vkpEMQTHv84XT8,,,,,46.4887,11.3394,qr,IT,"Sì , acconsento a partecipare",( 5 ) Completamente vero,( 4 ) Molto vero,( 4 ) Molto vero,( 3 ) Abbastanza vero,( 2 ) Poco vero,( 3 ) Abbastanza vero,( 2 ) Poco vero,( 3 ) Abbastanza vero,( 5 ) Completamente vero,( 4 ) Molto vero,( 2 ) Poco vero,( 2 ) Poco vero,( 3 ) Abbastanza vero,( 4 ) Molto vero,( 2 ) Poco vero,( 3 ) Abbastanza vero,( 2 ) Poco vero,no
2025-12-26 11:19:07,2025-12-26 11:21:45,IP Address,151.38.152.184,100,158,True,2025-12-26 11:21:46,R_8DNZ9VJXN0D2777,,,,,43.1479,12.1097,qr,IT,"Sì , acconsento a partecipare",( 2 ) Poco vero,( 3 ) Abbastanza vero,( 5 ) Completamente vero,( 2 ) Poco vero,( 4 ) Molto vero,( 3 ) Abbastanza vero,( 4 ) Molto vero,( 2 ) Poco vero,( 4 ) Molto vero,( 3 ) Abbastanza vero,( 1 ) Per niente vero,( 2 ) Poco vero,( 1 ) Per niente vero,( 4 ) Molto vero,( 3 ) Abbastanza vero,( 4 ) Molto vero,( 1 ) Per niente vero,no
2025-12-26 11:21:40,2025-12-26 11:23:38,IP Address,78.213.143.153,100,118,True,2025-12-26 11:23:39,R_2flg9TcymXH8ICt,,,,,43.1479,12.1097,qr,IT,"Sì , acconsento a partecipare",( 4 ) Molto vero,( 3 ) Abbastanza vero,( 5 ) Completamente vero,( 4 ) Molto vero,( 2 ) Poco vero,( 2 ) Poco vero,( 1 ) Per niente vero,( 2 ) Poco vero,( 3 ) Abbastanza vero,( 5 ) Completamente vero,( 2 ) Poco vero,( 2 ) Poco vero,( 3 ) Abbastanza vero,( 5 ) Completamente vero,( 1 ) Per niente vero,( 3 ) Abbastanza vero,( 3 ) Abbastanza vero,no
2025-12-26 11:22:01,2025-12-26 11:26:31,IP Address,95.74.201.36,100,270,True,2025-12-26 11:26:32,R_2XoYpbUpFAdGi8u,,,,,40.7887,14.3657,qr,IT,"Sì , acconsento a partecipare",( 1 ) Per niente vero,( 1 ) Per niente vero,( 3 ) Abbastanza vero,( 5 ) Completamente vero,( 2 ) Poco vero,( 2 ) Poco vero,( 2 ) Poco vero,( 1 ) Per niente vero,( 3 ) Abbastanza vero,( 3 ) Abbastanza vero,( 2 ) Poco vero,( 5 ) Completamente vero,( 4 ) Molto vero,( 3 ) Abbastanza vero,( 4 ) Molto vero,( 1 ) Per niente vero,( 3 ) Abbastanza vero,no
2025-12-26 11:27:50,2025-12-26 11:30:15,IP Address,87.20.50.94,100,145,True,2025-12-26 11:30:16,R_85apPmFTdyl29zP,,,,,44.4847,11.328,qr,IT,"Sì , acconsento a partecipare",( 2 ) Poco vero,( 3 ) Abbastanza vero,( 3 ) Abbastanza vero,( 3 ) Abbastanza vero,( 2 ) Poco vero,( 1 ) Per niente vero,( 2 ) Poco vero,( 3 ) Abbastanza vero,( 4 ) Molto vero,( 4 ) Molto vero,( 2 ) Poco vero,( 3 ) Abbastanza vero,( 3 ) Abbastanza vero,( 3 ) Abbastanza vero,( 3 ) Abbastanza vero,( 2 ) Poco vero,( 2 ) Poco vero,no
2025-12-26 11:03:29,2025-12-26 11:34:44,IP Address,95.142.219.61,100,1874,True,2025-12-26 11:34:44,R_8pJF4CfVvFhz8AT,,,,,45.5176,11.2352,qr,IT,"Sì , acconsento a partecipare",( 2 ) Poco vero,( 2 ) Poco vero,( 4 ) Molto vero,( 2 ) Poco vero,( 2 ) Poco vero,( 2 ) Poco vero,( 2 ) Poco vero,( 2 ) Poco vero,( 3 ) Abbastanza vero,( 3 ) Abbastanza vero,( 3 ) Abbastanza vero,( 4 ) Molto vero,( 3 ) Abbastanza vero,( 3 ) Abbastanza vero,( 3 ) Abbastanza vero,( 4 ) Molto vero,( 2 ) Poco vero,no
2025-12-26 11:36:41,2025-12-26 11:40:17,IP Address,151.67.254.174,100,216,True,2025-12-26 11:40:18,R_8lMreHshPkoE7a9,,,,,44.4847,11.328,qr,IT,"Sì , acconsento a partecipare",( 4 ) Molto vero,( 4 ) Molto vero,( 2 ) Poco vero,( 2 ) Poco vero,( 1 ) Per niente vero,( 1 ) Per niente vero,( 2 ) Poco vero,( 1 ) Per niente vero,( 5 ) Completamente vero,( 3 ) Abbastanza vero,( 1 ) Per niente vero,( 1 ) Per niente vero,( 1 ) Per niente vero,( 3 ) Abbastanza vero,( 1 ) Per niente vero,( 3 ) Abbastanza vero,( 1 ) Per niente vero,no
2025-12-26 11:39:22,2025-12-26 11:42:15,IP Address,93.34.235.172,100,172,True,2025-12-26 11:42:15,R_206Pc95PWVrSQzC,,,,,45.4317,10.9859,qr,IT,"Sì , acconsento a partecipare",( 2 ) Poco vero,( 3 ) Abbastanza vero,( 2 ) Poco vero,( 2 ) Poco vero,( 3 ) Abbastanza vero,( 3 ) Abbastanza vero,( 3 ) Abbastanza vero,( 2 ) Poco vero,( 4 ) Molto vero,( 3 ) Abbastanza vero,( 3 ) Abbastanza vero,( 2 ) Poco vero,( 2 ) Poco vero,( 2 ) Poco vero,( 4 ) Molto vero,( 3 ) Abbastanza vero,( 2 ) Poco vero,no
2025-12-26 11:43:45,2025-12-26 11:45:33,IP Address,104.28.96.57,100,107,True,2025-12-26 11:45:33,R_2jkPon81dFRim4Z,,,,,45.4722,9.1922,qr,IT,"Sì , acconsento a partecipare",( 3 ) Abbastanza vero,( 3 ) Abbastanza vero,( 4 ) Molto vero,( 4 ) Molto vero,( 3 ) Abbastanza vero,( 3 ) Abbastanza vero,( 2 ) Poco vero,( 3 ) Abbastanza vero,( 4 ) Molto vero,( 3 ) Abbastanza vero,( 2 ) Poco vero,( 2 ) Poco vero,( 2 ) Poco vero,( 3 ) Abbastanza vero,( 2 ) Poco vero,( 2 ) Poco vero,( 2 ) Poco vero,no
2025-12-26 11:56:53,2025-12-26 11:59:19,IP Address,81.56.250.159,100,146,True,2025-12-26 11:59:19,R_8EneSYMAPqoyFVL,,,,,45.413,11.8806,qr,IT,"Sì , acconsento a partecipare",( 2 ) Poco vero,( 2 ) Poco vero,( 2 ) Poco vero,( 2 ) Poco vero,( 2 ) Poco vero,( 3 ) Abbastanza vero,( 2 ) Poco vero,( 1 ) Per niente vero,( 3 ) Abbastanza vero,( 4 ) Molto vero,( 3 ) Abbastanza vero,( 3 ) Abbastanza vero,( 4 ) Molto vero,( 4 ) Molto vero,( 3 ) Abbastanza vero,( 1 ) Per niente vero,( 4 ) Molto vero,si
2025-12-26 11:41:09,2025-12-26 12:05:12,IP Address,37.116.116.129,100,1442,True,2025-12-26 12:05:12,R_2qfP9dadCoxZBjX,,,,,46.4887,11.3394,qr,IT,"Sì , acconsento a partecipare",( 3 ) Abbastanza vero,( 3 ) Abbastanza vero,( 3 ) Abbastanza vero,( 2 ) Poco vero,( 2 ) Poco vero,( 3 ) Abbastanza vero,( 2 ) Poco vero,( 3 ) Abbastanza vero,( 2 ) Poco vero,( 3 ) Abbastanza vero,( 3 ) Abbastanza vero,( 3 ) Abbastanza vero,( 3 ) Abbastanza vero,( 3 ) Abbastanza vero,( 2 ) Poco vero,( 3 ) Abbastanza vero,( 2 ) Poco vero,no
2025-12-26 12:05:11,2025-12-26 12:08:27,IP Address,151.36.137.161,100,196,True,2025-12-26 12:08:27,R_87XAOw7PgRWGQvf,,,,,43.1479,12.1097,qr,IT,"Sì , acconsento a partecipare",( 2 ) Poco vero,( 4 ) Molto vero,( 3 ) Abbastanza vero,( 2 ) Poco vero,( 2 ) Poco vero,( 2 ) Poco vero,( 2 ) Poco vero,( 1 ) Per niente vero,( 2 ) Poco vero,( 4 ) Molto vero,( 3 ) Abbastanza vero,( 2 ) Poco vero,( 5 ) Completamente vero,( 3 ) Abbastanza vero,( 3 ) Abbastanza vero,( 3 ) Abbastanza vero,( 2 ) Poco vero,no
2025-12-26 12:05:29,2025-12-26 12:09:31,IP Address,31.6.85.108,100,241,True,2025-12-26 12:09:31,R_8RV2kjTgm8oJtq9,,,,,45.5067,11.4123,qr,IT,"Sì , acconsento a partecipare",( 3 ) Abbastanza vero,( 3 ) Abbastanza vero,( 2 ) Poco vero,( 3 ) Abbastanza vero,( 3 ) Abbastanza vero,( 1 ) Per niente vero,( 2 ) Poco vero,( 2 ) Poco vero,( 3 ) Abbastanza vero,( 4 ) Molto vero,( 4 ) Molto vero,( 3 ) Abbastanza vero,( 3 ) Abbastanza vero,( 4 ) Molto vero,( 4 ) Molto vero,( 3 ) Abbastanza vero,( 3 ) Abbastanza vero,no
2025-12-26 12:06:18,2025-12-26 12:10:12,IP Address,109.118.117.146,100,234,True,2025-12-26 12:10:13,R_8CYtpsEs550eZLb,,,,,45.5431,11.5415,qr,IT,"Sì , acconsento a partecipare",( 2 ) Poco vero,( 4 ) Molto vero,( 3 ) Abbastanza vero,( 2 ) Poco vero,( 2 ) Poco vero,( 2 ) Poco vero,( 2 ) Poco vero,( 1 ) Per niente vero,( 4 ) Molto vero,( 2 ) Poco vero,( 4 ) Molto vero,( 3 ) Abbastanza vero,( 3 ) Abbastanza vero,( 2 ) Poco vero,( 2 ) Poco vero,( 2 ) Poco vero,( 3 ) Abbastanza vero,no
2025-12-26 12:11:26,2025-12-26 12:16:32,IP Address,37.161.254.3,100,306,True,2025-12-26 12:16:33,R_21ck5t5rZ03mcpk,,,,,43.1479,12.1097,qr,IT,"Sì , acconsento a partecipare",( 3 ) Abbastanza vero,( 3 ) Abbastanza vero,( 3 ) Abbastanza vero,( 2 ) Poco vero,( 4 ) Molto vero,( 2 ) Poco vero,( 4 ) Molto vero,( 3 ) Abbastanza vero,( 4 ) Molto vero,( 2 ) Poco vero,( 2 ) Poco vero,( 3 ) Abbastanza vero,( 2 ) Poco vero,( 3 ) Abbastanza vero,( 2 ) Poco vero,( 3 ) Abbastanza vero,( 2 ) Poco vero,no
2025-12-26 12:19:24,2025-12-26 12:21:08,IP Address,81.56.130.184,100,103,True,2025-12-26 12:21:08,R_2ZZvCFVh1GYELq6,,,,,45.6061,11.9855,qr,IT,"Sì , acconsento a partecipare",( 3 ) Abbastanza vero,( 4 ) Molto vero,( 4 ) Molto vero,( 4 ) Molto vero,( 3 ) Abbastanza vero,( 3 ) Abbastanza vero,( 3 ) Abbastanza vero,( 3 ) Abbastanza vero,( 4 ) Molto vero,( 4 ) Molto vero,( 2 ) Poco vero,( 2 ) Poco vero,( 2 ) Poco vero,( 2 ) Poco vero,( 3 ) Abbastanza vero,( 3 ) Abbastanza vero,( 2 ) Poco vero,no
2025-12-26 12:40:49,2025-12-26 12:44:56,IP Address,37.160.63.98,100,246,True,2025-12-26 12:44:56,R_850uttIsARdeFd7,,,,,43.1479,12.1097,qr,IT,"Sì , acconsento a partecipare",( 4 ) Molto vero,( 4 ) Molto vero,( 4 ) Molto vero,( 3 ) Abbastanza vero,( 3 ) Abbastanza vero,( 3 ) Abbastanza vero,( 3 ) Abbastanza vero,( 4 ) Molto vero,( 4 ) Molto vero,( 3 ) Abbastanza vero,( 2 ) Poco vero,( 2 ) Poco vero,( 2 ) Poco vero,( 3 ) Abbastanza vero,( 2 ) Poco vero,( 3 ) Abbastanza vero,( 2 ) Poco vero,no
2025-12-26 13:03:18,2025-12-26 13:06:19,IP Address,93.70.67.104,100,180,True,2025-12-26 13:06:19,R_2BsXMslAF0Qolz3,,,,,45.4317,10.9859,qr,IT,"Sì , acconsento a partecipare",( 4 ) Molto vero,( 4 ) Molto vero,( 3 ) Abbastanza vero,( 2 ) Poco vero,( 1 ) Per niente vero,( 2 ) Poco vero,( 2 ) Poco vero,( 3 ) Abbastanza vero,( 3 ) Abbastanza vero,( 4 ) Molto vero,( 2 ) Poco vero,( 2 ) Poco vero,( 2 ) Poco vero,( 3 ) Abbastanza vero,( 1 ) Per niente vero,( 3 ) Abbastanza vero,( 1 ) Per niente vero,no
2025-12-26 13:19:22,2025-12-26 13:22:06,IP Address,78.211.55.144,100,163,True,2025-12-26 13:22:06,R_2ftvlYYEHQhe3M5,,,,,43.1479,12.1097,qr,IT,"Sì , acconsento a partecipare",( 3 ) Abbastanza vero,( 4 ) Molto vero,( 4 ) Molto vero,( 2 ) Poco vero,( 3 ) Abbastanza vero,( 2 ) Poco vero,( 3 ) Abbastanza vero,( 2 ) Poco vero,( 3 ) Abbastanza vero,( 2 ) Poco vero,( 2 ) Poco vero,( 3 ) Abbastanza vero,( 4 ) Molto vero,( 3 ) Abbastanza vero,( 3 ) Abbastanza vero,( 4 ) Molto vero,( 4 ) Molto vero,no
2025-12-26 13:26:24,2025-12-26 13:28:53,IP Address,93.34.235.191,100,149,True,2025-12-26 13:28:53,R_2EoKwgwMRhzJWRu,,,,,45.4317,10.9859,qr,IT,"Sì , acconsento a partecipare",( 1 ) Per niente vero,( 2 ) Poco vero,( 2 ) Poco vero,( 3 ) Abbastanza vero,( 2 ) Poco vero,( 2 ) Poco vero,( 2 ) Poco vero,( 2 ) Poco vero,( 3 ) Abbastanza vero,( 2 ) Poco vero,( 4 ) Molto vero,( 3 ) Abbastanza vero,( 3 ) Abbastanza vero,( 2 ) Poco vero,( 3 ) Abbastanza vero,( 2 ) Poco vero,( 3 ) Abbastanza vero,no
2025-12-26 13:27:01,2025-12-26 13:31:05,IP Address,94.165.183.19,100,243,True,2025-12-26 13:31:05,R_2e3b5ADyr5ZwB4l,,,,,45.3853,11.7921,qr,IT,"Sì , acconsento a partecipare",( 3 ) Abbastanza vero,( 4 ) Molto vero,( 1 ) Per niente vero,( 4 ) Molto vero,( 4 ) Molto vero,( 2 ) Poco vero,( 2 ) Poco vero,( 2 ) Poco vero,( 5 ) Completamente vero,( 5 ) Completamente vero,( 4 ) Molto vero,( 2 ) Poco vero,( 3 ) Abbastanza vero,( 4 ) Molto vero,( 5 ) Completamente vero,( 4 ) Molto vero,( 4 ) Molto vero,no
2025-12-26 13:34:09,2025-12-26 13:36:03,IP Address,94.165.183.19,100,113,True,2025-12-26 13:36:04,R_8DCsWd3Zcxtjwjy,,,,,45.3853,11.7921,qr,IT,"Sì , acconsento a partecipare",( 4 ) Molto vero,( 3 ) Abbastanza vero,( 3 ) Abbastanza vero,( 4 ) Molto vero,( 2 ) Poco vero,( 2 ) Poco vero,( 2 ) Poco vero,( 1 ) Per niente vero,( 4 ) Molto vero,( 3 ) Abbastanza vero,( 3 ) Abbastanza vero,( 4 ) Molto vero,( 4 ) Molto vero,( 3 ) Abbastanza vero,( 3 ) Abbastanza vero,( 2 ) Poco vero,( 3 ) Abbastanza vero,no
2025-12-26 13:43:43,2025-12-26 13:45:40,IP Address,31.188.154.113,100,117,True,2025-12-26 13:45:41,R_21glo9zaI4l2exV,,,,,45.4317,10.9859,qr,IT,"Sì , acconsento a partecipare",( 4 ) Molto vero,( 3 ) Abbastanza vero,( 3 ) Abbastanza vero,( 3 ) Abbastanza vero,( 4 ) Molto vero,( 2 ) Poco vero,( 2 ) Poco vero,( 3 ) Abbastanza vero,( 3 ) Abbastanza vero,( 4 ) Molto vero,( 2 ) Poco vero,( 2 ) Poco vero,( 2 ) Poco vero,( 2 ) Poco vero,( 2 ) Poco vero,( 4 ) Molto vero,( 2 ) Poco vero,no
2025-12-26 13:51:43,2025-12-26 13:56:00,IP Address,109.118.71.196,100,257,True,2025-12-26 13:56:01,R_2EfVp1Y7FWch4nE,,,,,44.4071,8.95,qr,IT,"Sì , acconsento a partecipare",( 1 ) Per niente vero,( 3 ) Abbastanza vero,( 5 ) Completamente vero,( 3 ) Abbastanza vero,( 3 ) Abbastanza vero,( 3 ) Abbastanza vero,( 2 ) Poco vero,( 3 ) Abbastanza vero,( 5 ) Completamente vero,( 4 ) Molto vero,( 2 ) Poco vero,( 3 ) Abbastanza vero,( 3 ) Abbastanza vero,( 4 ) Molto vero,( 4 ) Molto vero,( 1 ) Per niente vero,( 2 ) Poco vero,no
2025-12-26 13:36:21,2025-12-26 14:37:24,IP Address,37.159.74.153,100,3663,True,2025-12-26 14:37:25,R_2cBktEoFzWLsBlP,,,,,45.4722,9.1922,qr,IT,"Sì , acconsento a partecipare",( 3 ) Abbastanza vero,( 3 ) Abbastanza vero,( 3 ) Abbastanza vero,( 3 ) Abbastanza vero,( 2 ) Poco vero,( 3 ) Abbastanza vero,( 3 ) Abbastanza vero,( 2 ) Poco vero,( 3 ) Abbastanza vero,( 3 ) Abbastanza vero,( 3 ) Abbastanza vero,( 1 ) Per niente vero,( 3 ) Abbastanza vero,( 3 ) Abbastanza vero,( 2 ) Poco vero,( 3 ) Abbastanza vero,( 3 ) Abbastanza vero,no
2025-12-26 14:35:29,2025-12-26 14:37:52,IP Address,188.10.108.178,100,142,True,2025-12-26 14:37:52,R_8aA15ggT2kSQ38c,,,,,45.4317,10.9859,qr,IT,"Sì , acconsento a partecipare",( 2 ) Poco vero,( 3 ) Abbastanza vero,( 4 ) Molto vero,( 2 ) Poco vero,( 3 ) Abbastanza vero,( 2 ) Poco vero,( 2 ) Poco vero,( 1 ) Per niente vero,( 3 ) Abbastanza vero,( 4 ) Molto vero,( 2 ) Poco vero,( 2 ) Poco vero,( 3 ) Abbastanza vero,( 3 ) Abbastanza vero,( 2 ) Poco vero,( 4 ) Molto vero,( 2 ) Poco vero,no
2025-12-26 14:56:46,2025-12-26 14:58:50,IP Address,176.200.60.23,100,124,True,2025-12-26 14:58:50,R_89ajoQpJei9xmOo,,,,,43.1479,12.1097,qr,IT,"Sì , acconsento a partecipare",( 2 ) Poco vero,( 3 ) Abbastanza vero,( 2 ) Poco vero,( 2 ) Poco vero,( 3 ) Abbastanza vero,( 2 ) Poco vero,( 1 ) Per niente vero,( 2 ) Poco vero,( 2 ) Poco vero,( 3 ) Abbastanza vero,( 5 ) Completamente vero,( 3 ) Abbastanza vero,( 4 ) Molto vero,( 3 ) Abbastanza vero,( 3 ) Abbastanza vero,( 2 ) Poco vero,( 3 ) Abbastanza vero,no
2025-12-26 14:42:25,2025-12-26 15:14:26,IP Address,151.36.80.209,100,1920,True,2025-12-26 15:14:26,R_8FIOBoQE2pqriJr,,,,,43.1479,12.1097,qr,IT,"Sì , acconsento a partecipare",( 2 ) Poco vero,( 4 ) Molto vero,( 3 ) Abbastanza vero,( 1 ) Per niente vero,( 3 ) Abbastanza vero,( 3 ) Abbastanza vero,( 2 ) Poco vero,( 3 ) Abbastanza vero,( 3 ) Abbastanza vero,( 3 ) Abbastanza vero,( 2 ) Poco vero,( 2 ) Poco vero,( 2 ) Poco vero,( 3 ) Abbastanza vero,( 3 ) Abbastanza vero,( 3 ) Abbastanza vero,( 3 ) Abbastanza vero,no
2025-12-26 15:21:59,2025-12-26 15:24:31,IP Address,83.98.86.13,100,152,True,2025-12-26 15:24:32,R_2oGH5v3higBha3X,,,,,45.4722,9.1922,qr,IT,"Sì , acconsento a partecipare",( 2 ) Poco vero,( 3 ) Abbastanza vero,( 3 ) Abbastanza vero,( 3 ) Abbastanza vero,( 2 ) Poco vero,( 3 ) Abbastanza vero,( 2 ) Poco vero,( 3 ) Abbastanza vero,( 3 ) Abbastanza vero,( 4 ) Molto vero,( 2 ) Poco vero,( 3 ) Abbastanza vero,( 3 ) Abbastanza vero,( 4 ) Molto vero,( 4 ) Molto vero,( 2 ) Poco vero,( 3 ) Abbastanza vero,si
2025-12-26 15:23:41,2025-12-26 15:24:52,IP Address,104.28.60.78,100,71,True,2025-12-26 15:24:53,R_8OYWCmPQ9Wbiovt,,,,,41.8905,12.5127,qr,IT,"Sì , acconsento a partecipare",( 3 ) Abbastanza vero,( 3 ) Abbastanza vero,( 3 ) Abbastanza vero,( 2 ) Poco vero,( 1 ) Per niente vero,( 2 ) Poco vero,( 2 ) Poco vero,( 3 ) Abbastanza vero,( 2 ) Poco vero,( 3 ) Abbastanza vero,( 2 ) Poco vero,( 2 ) Poco vero,( 3 ) Abbastanza vero,( 3 ) Abbastanza vero,( 2 ) Poco vero,( 3 ) Abbastanza vero,( 2 ) Poco vero,no
2025-12-26 15:40:22,2025-12-26 15:42:05,IP Address,5.90.74.91,100,103,True,2025-12-26 15:42:06,R_2KZQNlqZs6oXa49,,,,,43.1479,12.1097,qr,IT,"Sì , acconsento a partecipare",( 3 ) Abbastanza vero,( 2 ) Poco vero,( 2 ) Poco vero,( 2 ) Poco vero,( 2 ) Poco vero,( 2 ) Poco vero,( 2 ) Poco vero,( 2 ) Poco vero,( 3 ) Abbastanza vero,( 3 ) Abbastanza vero,( 3 ) Abbastanza vero,( 2 ) Poco vero,( 3 ) Abbastanza vero,( 3 ) Abbastanza vero,( 2 ) Poco vero,( 2 ) Poco vero,( 3 ) Abbastanza vero,no
2025-12-26 16:43:58,2025-12-26 16:46:02,IP Address,101.56.53.133,100,123,True,2025-12-26 16:46:02,R_8rhVtQXV41zABeF,,,,,45.4722,9.1922,qr,IT,"Sì , acconsento a partecipare",( 5 ) Completamente vero,( 5 ) Completamente vero,( 5 ) Completamente vero,( 5 ) Completamente vero,( 3 ) Abbastanza vero,( 4 ) Molto vero,( 4 ) Molto vero,( 2 ) Poco vero,( 3 ) Abbastanza vero,( 4 ) Molto vero,( 1 ) Per niente vero,( 1 ) Per niente vero,( 2 ) Poco vero,( 5 ) Completamente vero,( 1 ) Per niente vero,( 5 ) Completamente vero,( 2 ) Poco vero,no
2025-12-26 17:20:12,2025-12-26 17:22:23,IP Address,151.16.46.174,100,131,True,2025-12-26 17:22:24,R_8l3PjXizqBN7q3T,,,,,44.4071,8.95,qr,IT,"Sì , acconsento a partecipare",( 3 ) Abbastanza vero,( 2 ) Poco vero,( 2 ) Poco vero,( 2 ) Poco vero,( 2 ) Poco vero,( 2 ) Poco vero,( 2 ) Poco vero,( 3 ) Abbastanza vero,( 3 ) Abbastanza vero,( 4 ) Molto vero,( 3 ) Abbastanza vero,( 4 ) Molto vero,( 3 ) Abbastanza vero,( 3 ) Abbastanza vero,( 2 ) Poco vero,( 4 ) Molto vero,( 2 ) Poco vero,no
2025-12-26 17:52:06,2025-12-26 17:55:31,IP Address,78.208.160.199,100,205,True,2025-12-26 17:55:32,R_8KlISWkGcPklhid,,,,,43.1479,12.1097,qr,IT,"Sì , acconsento a partecipare",( 3 ) Abbastanza vero,( 3 ) Abbastanza vero,( 2 ) Poco vero,( 2 ) Poco vero,( 2 ) Poco vero,( 3 ) Abbastanza vero,( 3 ) Abbastanza vero,( 3 ) Abbastanza vero,( 3 ) Abbastanza vero,( 4 ) Molto vero,( 3 ) Abbastanza vero,( 3 ) Abbastanza vero,( 3 ) Abbastanza vero,( 4 ) Molto vero,( 3 ) Abbastanza vero,( 2 ) Poco vero,( 4 ) Molto vero,no
2025-12-27 00:39:26,2025-12-27 00:40:59,IP Address,78.212.186.140,100,92,True,2025-12-27 00:40:59,R_8kvOB421963RohO,,,,,43.1479,12.1097,qr,IT,"Sì , acconsento a partecipare",( 3 ) Abbastanza vero,( 4 ) Molto vero,( 4 ) Molto vero,( 2 ) Poco vero,( 2 ) Poco vero,( 3 ) Abbastanza vero,( 2 ) Poco vero,( 4 ) Molto vero,( 4 ) Molto vero,( 3 ) Abbastanza vero,( 2 ) Poco vero,( 3 ) Abbastanza vero,( 4 ) Molto vero,( 3 ) Abbastanza vero,( 2 ) Poco vero,( 4 ) Molto vero,( 2 ) Poco vero,no
2025-12-27 01:45:37,2025-12-27 01:47:44,IP Address,5.77.91.183,100,127,True,2025-12-27 01:47:45,R_2dUHj4bkeBG4qs1,,,,,43.1479,12.1097,qr,IT,"Sì , acconsento a partecipare",( 2 ) Poco vero,( 2 ) Poco vero,( 2 ) Poco vero,( 2 ) Poco vero,( 2 ) Poco vero,( 2 ) Poco vero,( 2 ) Poco vero,( 2 ) Poco vero,( 3 ) Abbastanza vero,( 5 ) Completamente vero,( 4 ) Molto vero,( 3 ) Abbastanza vero,( 3 ) Abbastanza vero,( 3 ) Abbastanza vero,( 3 ) Abbastanza vero,( 2 ) Poco vero,( 4 ) Molto vero,no
2025-12-27 03:36:06,2025-12-27 03:42:52,IP Address,172.226.14.55,100,405,True,2025-12-27 03:42:52,R_8efsk7eAKKPFPn8,,,,,45.4722,9.1922,qr,IT,"Sì , acconsento a partecipare",( 2 ) Poco vero,( 3 ) Abbastanza vero,( 3 ) Abbastanza vero,( 1 ) Per niente vero,( 3 ) Abbastanza vero,( 3 ) Abbastanza vero,( 2 ) Poco vero,( 4 ) Molto vero,( 3 ) Abbastanza vero,( 4 ) Molto vero,( 3 ) Abbastanza vero,( 3 ) Abbastanza vero,( 4 ) Molto vero,( 4 ) Molto vero,( 5 ) Completamente vero,( 3 ) Abbastanza vero,( 2 ) Poco vero,no
2025-12-27 04:03:28,2025-12-27 04:05:53,IP Address,185.193.255.242,100,145,True,2025-12-27 04:05:53,R_2a93EfdjrtSVK0u,,,,,45.3491,11.8714,qr,IT,"Sì , acconsento a partecipare",( 3 ) Abbastanza vero,( 3 ) Abbastanza vero,( 4 ) Molto vero,( 5 ) Completamente vero,( 2 ) Poco vero,( 3 ) Abbastanza vero,( 2 ) Poco vero,( 3 ) Abbastanza vero,( 4 ) Molto vero,( 3 ) Abbastanza vero,( 2 ) Poco vero,( 2 ) Poco vero,( 2 ) Poco vero,( 3 ) Abbastanza vero,( 2 ) Poco vero,( 2 ) Poco vero,( 5 ) Completamente vero,no
2025-12-27 04:12:19,2025-12-27 04:14:50,IP Address,93.34.84.219,100,151,True,2025-12-27 04:14:50,R_8FOFg60RuA8s5BC,,,,,44.4071,8.95,qr,IT,"Sì , acconsento a partecipare",( 4 ) Molto vero,( 4 ) Molto vero,( 4 ) Molto vero,( 3 ) Abbastanza vero,( 4 ) Molto vero,( 3 ) Abbastanza vero,( 3 ) Abbastanza vero,( 4 ) Molto vero,( 3 ) Abbastanza vero,( 3 ) Abbastanza vero,( 2 ) Poco vero,( 2 ) Poco vero,( 2 ) Poco vero,( 3 ) Abbastanza vero,( 2 ) Poco vero,( 3 ) Abbastanza vero,( 2 ) Poco vero,no
2025-12-27 16:08:36,2025-12-27 16:14:11,IP Address,188.10.108.178,100,334,True,2025-12-27 16:14:12,R_2n4SP3W5my93EIh,,,,,45.4317,10.9859,qr,IT,"Sì , acconsento a partecipare",( 3 ) Abbastanza vero,( 3 ) Abbastanza vero,( 2 ) Poco vero,( 5 ) Completamente vero,( 2 ) Poco vero,( 3 ) Abbastanza vero,( 3 ) Abbastanza vero,( 2 ) Poco vero,( 5 ) Completamente vero,( 4 ) Molto vero,( 3 ) Abbastanza vero,( 4 ) Molto vero,( 5 ) Completamente vero,( 5 ) Completamente vero,( 3 ) Abbastanza vero,( 3 ) Abbastanza vero,( 3 ) Abbastanza vero,no
